{
  "b_xslg": 0.425,
  "b_xwoba": 0.325,
  "b_barrel_pct": 51.0,
  "b_max_ev": 66.0,
  "b_exit_velo": 50.0,
  "b_hard_hit": 52.0,
  "b_bat_speed": 50.0,
  "b_squared_up": 48.0,
  "b_k_pct": 50.0,
  "b_bb_pct": 51.0,
  "b_chase_pct": 50.0,
  "b_whiff_pct": 49.0,
  "b_pa": 551.0,
  "p_xwoba": 0.319,
  "p_xslg": 0.415,
  "p_xera": 4.24,
  "p_hr_per_pa": 2.86,
  "p_hr_fb_rate": 8.0,
  "p_fb_rate": 33.9,
  "p_gb_rate": 23.1,
  "p_avg_ev_allowed": 82.6,
  "p_barrel_pct_allowed": 2.0,
  "p_hard_hit_allowed": 24.5,
  "p_fb_velo": 93.0,
  "park_hr_factor": 1.0,
  "park_altitude": 465.0,
  "wx_temp": 74.0,
  "wx_wind": 7.0,
  "wx_humidity": 55.0,
  "wx_dome": 0.0,
  "platoon": 1.0,
  "n_pa": 4.0,
  "p_fastball_pct": 42.0,
  "p_sinker_pct": 12.6,
  "p_breaking_pct": 30.3,
  "p_offspeed_pct": 13.8,
  "p_hr_danger_score": 0.8439,
  "max_tto": 2.7,
  "lineup_pos": 5.0,
  "r30_whiff_rate": 0.2403846153846154,
  "r30_hr_per_pitch": 0.007633587786259542,
  "r30_avg_ev": 83.29083333333332,
  "r30_barrel_rate": 0.014285714285714285,
  "r30_hard_hit_rate": 0.25675675675675674,
  "r30_avg_velo": 89.09508950765235,
  "bvp_hr_FF": 0.035627981599859894,
  "bvp_hr_SL": 0.03198066269229154,
  "bvp_hr_CH": 0.024883296123401663,
  "bvp_hr_SI": 0.0213154401528151,
  "bvp_hr_FC": 0.03533231474407945,
  "bvp_ev_FF": 84.3842328052009,
  "bvp_ev_SL": 82.42504563422176,
  "bvp_ev_CH": 81.00159171622951,
  "wx_wind_hr_boost": 0.0,
  "split_hr_rate": 0.03038674033149171,
  "p_same_side_whiff": 0.3870967741935484,
  "p_same_side_hr": 0.00641025641025641,
  "FF_pct": 0.35233160621761656,
  "SI_pct": 0.12401818933443572,
  "FC_pct": 0.01838879159369527,
  "SL_pct": 0.11288180610889774,
  "ST_pct": 0.0,
  "CU_pct": 0.09707602339181287,
  "CH_pct": 0.10685249709639953,
  "FS_pct": 0.0,
  "FF_hr_rate": 0.008888888888888889,
  "SI_hr_rate": 0.006666666666666667,
  "FC_hr_rate": 0.008241758241758242,
  "SL_hr_rate": 0.008902077151335312,
  "ST_hr_rate": 0.007385524372230428,
  "CU_hr_rate": 0.00558659217877095,
  "CH_hr_rate": 0.00651890482398957,
  "FS_hr_rate": 0.007342143906020558,
  "bp_vuln_adj": 49.82,
  "bp_weighted_hr_rate": 0.007358823241370209
}