{
  "b_xslg": 0.406,
  "b_xwoba": 0.316,
  "b_barrel_pct": 50.0,
  "b_max_ev": 66.0,
  "b_exit_velo": 50.0,
  "b_hard_hit": 50.0,
  "b_bat_speed": 50.0,
  "b_squared_up": 50.0,
  "b_k_pct": 50.0,
  "b_bb_pct": 51.0,
  "b_chase_pct": 50.0,
  "b_whiff_pct": 49.0,
  "b_pa": 462.0,
  "p_xwoba": 0.316,
  "p_xslg": 0.41,
  "p_xera": 4.16,
  "p_hr_per_pa": 3.151862464183381,
  "p_hr_fb_rate": 7.228915662650602,
  "p_fb_rate": 34.22680412371134,
  "p_gb_rate": 22.666666666666664,
  "p_avg_ev_allowed": 83.15086206896552,
  "p_barrel_pct_allowed": 1.5267175572519083,
  "p_hard_hit_allowed": 25.52204176334107,
  "p_fb_velo": 93.52002743484226,
  "park_hr_factor": 1.0,
  "park_altitude": 490.0,
  "wx_temp": 78.0,
  "wx_wind": 8.0,
  "wx_humidity": 55.0,
  "wx_dome": 0.0,
  "platoon": 1.0,
  "n_pa": 4.0,
  "p_fastball_pct": 42.0,
  "p_sinker_pct": 12.6,
  "p_breaking_pct": 30.4,
  "p_offspeed_pct": 12.6,
  "p_hr_danger_score": 0.8445,
  "max_tto": 2.0,
  "lineup_pos": 5.0
}